bd3e04f1810b3fa76a7a83355fedccb3;147;2024-10-11;147;TKT10003
bd3e04f1810b3fa76a7a83355fedccb3;149;2024-08-20;149;MAT11003
bd3e04f1810b3fa76a7a83355fedccb3;149;2024-09-12;149;MAT11003
bd3e04f1810b3fa76a7a83355fedccb3;149;2024-10-03;149;TKT20005
bd3e04f1810b3fa76a7a83355fedccb3;149;2024-08-13;149;KK-ENKAIKKI
bd3e04f1810b3fa76a7a83355fedccb3;149;2024-08-13;149;TKT50004
bd3e04f1810b3fa76a7a83355fedccb3;149;2024-08-13;149;TKT20015
bd3e04f1810b3fa76a7a83355fedccb3;149;2024-08-20;149;TKT20005
bd3e04f1810b3fa76a7a83355fedccb3;147;2024-08-29;147;TKT50004
bd3e04f1810b3fa76a7a83355fedccb3;147;2024-12-02;147;TKT500031
bd3e04f1810b3fa76a7a83355fedccb3;148;2024-01-02;148;MAT12003
bd3e04f1810b3fa76a7a83355fedccb3;147;2024-08-29;147;MAT11001
bd3e04f1810b3fa76a7a83355fedccb3;146;2024-11-10;146;TKT10002
bd3e04f1810b3fa76a7a83355fedccb3;147;2024-10-11;147;MAT11002
bd3e04f1810b3fa76a7a83355fedccb3;148;2024-03-08;148;TKT200011
bd3e04f1810b3fa76a7a83355fedccb3;148;2024-01-19;148;TKT10003
bd3e04f1810b3fa76a7a83355fedccb3;148;2024-03-10;148;TKT10004
bd3e04f1810b3fa76a7a83355fedccb3;147;2024-08-29;147;TKT10002
bd3e04f1810b3fa76a7a83355fedccb3;147;2024-08-11;147;DIGI-A
bd3e04f1810b3fa76a7a83355fedccb3;148;2024-05-10;148;TKT200012
bd3e04f1810b3fa76a7a83355fedccb3;148;2024-01-02;148;MAT12003
bd3e04f1810b3fa76a7a83355fedccb3;147;2024-08-29;147;MAT11001
bd3e04f1810b3fa76a7a83355fedccb3;148;2024-03-04;148;MAT21019
2590c795ff33b40890c082d87653cd93;147;2024-10-29;147;MAT20016
2590c795ff33b40890c082d87653cd93;147;2024-08-30;147;TKT10002
2590c795ff33b40890c082d87653cd93;147;2024-08-30;147;TKT50004
2590c795ff33b40890c082d87653cd93;147;2024-08-30;147;MAT11001
2590c795ff33b40890c082d87653cd93;147;2024-08-30;147;TKT10006
2590c795ff33b40890c082d87653cd93;147;2024-08-30;147;DIGI-A
2590c795ff33b40890c082d87653cd93;147;2024-08-30;147;MAT11001
2590c795ff33b40890c082d87653cd93;147;2024-10-29;147;TKT10003
2d51d7f8d1906f681d78003fb4f27d28;147;2024-10-21;147;TKT10003
2d51d7f8d1906f681d78003fb4f27d28;149;2024-08-20;149;MAT11001
2d51d7f8d1906f681d78003fb4f27d28;149;2024-08-20;149;TKT20015
2d51d7f8d1906f681d78003fb4f27d28;148;2024-03-10;148;HISK-110
2d51d7f8d1906f681d78003fb4f27d28;145;2022-08-05;145;HISK-221
2d51d7f8d1906f681d78003fb4f27d28;148;2024-01-21;148;TKT10003
2d51d7f8d1906f681d78003fb4f27d28;147;2024-08-30;147;TKT50004
2d51d7f8d1906f681d78003fb4f27d28;145;2022-11-03;145;HISK-120
2d51d7f8d1906f681d78003fb4f27d28;147;2024-09-18;147;TKT500031
2d51d7f8d1906f681d78003fb4f27d28;146;2024-11-12;146;TKT10002
2d51d7f8d1906f681d78003fb4f27d28;148;2024-01-07;148;MAT11001
2d51d7f8d1906f681d78003fb4f27d28;149;2024-08-31;149;KK-ENKAIKKI
2d51d7f8d1906f681d78003fb4f27d28;148;2024-03-13;148;SOSK-101
2d51d7f8d1906f681d78003fb4f27d28;147;2024-09-03;147;TKT10006
2d51d7f8d1906f681d78003fb4f27d28;147;2024-08-27;147;DIGI-A
2d51d7f8d1906f681d78003fb4f27d28;147;2024-08-30;147;TKT10002
247f4201f214ff279da3a24570d642f1;147;2024-08-30;147;TKT10002
247f4201f214ff279da3a24570d642f1;147;2024-09-09;147;DIGI-A
247f4201f214ff279da3a24570d642f1;147;2024-07-15;147;TKT21018
247f4201f214ff279da3a24570d642f1;147;2024-08-30;147;TKT50004
247f4201f214ff279da3a24570d642f1;146;2024-12-23;146;TKT10002
247f4201f214ff279da3a24570d642f1;147;2024-10-04;147;MAT11002
247f4201f214ff279da3a24570d642f1;147;2024-08-30;147;MAT11002
247f4201f214ff279da3a24570d642f1;147;2024-08-30;147;TKT10006
247f4201f214ff279da3a24570d642f1;147;2024-11-12;147;TKT10002
247f4201f214ff279da3a24570d642f1;147;2024-07-21;147;TKT210281
247f4201f214ff279da3a24570d642f1;147;2024-10-04;147;TKT10003
eda0df4567902969822fdc5bb04e3b54;144;2022-05-11;144;TKT10001
eda0df4567902969822fdc5bb04e3b54;147;2024-12-17;147;TKT200012
eda0df4567902969822fdc5bb04e3b54;147;2024-08-22;147;DIGI-A
eda0df4567902969822fdc5bb04e3b54;147;2024-10-26;147;TKT200011
eda0df4567902969822fdc5bb04e3b54;145;2022-12-19;145;TKT100051
eda0df4567902969822fdc5bb04e3b54;148;2024-01-16;148;MAT12003
eda0df4567902969822fdc5bb04e3b54;144;2022-12-24;144;TKT10002
eda0df4567902969822fdc5bb04e3b54;146;2024-03-06;146;TKT10004
eda0df4567902969822fdc5bb04e3b54;146;2024-03-14;146;TKT100052
eda0df4567902969822fdc5bb04e3b54;146;2024-05-16;146;TKT10003
eda0df4567902969822fdc5bb04e3b54;146;2022-12-24;146;MAT11001
eda0df4567902969822fdc5bb04e3b54;147;2024-10-06;147;MAT11002
eda0df4567902969822fdc5bb04e3b54;147;2024-10-29;147;TKT21018
eda0df4567902969822fdc5bb04e3b54;148;2024-03-07;148;TKT20019
eda0df4567902969822fdc5bb04e3b54;147;2024-10-10;147;TKT20019
eda0df4567902969822fdc5bb04e3b54;148;2024-12-04;148;MAT11009
eda0df4567902969822fdc5bb04e3b54;148;2024-12-04;148;MAT12003
eda0df4567902969822fdc5bb04e3b54;147;2024-08-30;147;TKT50004
eda0df4567902969822fdc5bb04e3b54;147;2024-08-30;147;TKT10006
331e317c85afc430fee6b9af3a232916;147;2024-08-28;147;TKT10002
331e317c85afc430fee6b9af3a232916;148;2024-09-11;148;CSM141082
331e317c85afc430fee6b9af3a232916;148;2024-09-11;148;CSM141083
